nodesPosition, nodesTemperature
0.000000, 100.00000000000000000000
0.03333333333333333287, 73.33333333333332859638
0.06666666666666666574, 46.66666666666666429819
0.10000000000000000555, 20.00000000000000000000
