nodesPosition, nodesTemperature
0.000000, 0.00000000000000000000
0.03333333333333333287, 0.00000000000000000000
0.06666666666666666574, 0.00000000000000000000
0.10000000000000000555, 0.00000000000000000000
