nodesPosition, nodesTemperature
0.012500, 90.00000000000000000000
0.03750000000000000555, 69.99999999999997157829
0.06250000000000000000, 49.99999999999998578915
0.08749999999999999445, 30.00000000000000000000
