numberOfNodes,maximum_error
2, 1.4210854715202004e-14
3, 0.0000000000000000e+00
4, 1.4210854715202004e-14
5, 1.4210854715202004e-14
6, 5.6843418860808015e-14
7, 5.6843418860808015e-14
8, 4.2632564145606011e-14
9, 2.4868995751603507e-14
10, 7.1054273576010019e-14
