nodesPosition, nodesTemperature
0.000000, 277.92857142857218377685
0.01844444444444444386, 268.70634920634995523869
0.03688888888888888773, 259.48412698412766985712
0.05533333333333333159, 250.26190476190546974067
0.07377777777777777546, 241.03968253968321278080
0.08840000000000000635, 209.42857142857192798147
0.09920000000000001039, 155.42857142857175745121
0.11000000000000001443, 101.42857142857160113181
