nodesPosition, nodesTemperature
0.012500, 90.00000000000000000000
0.03750000000000000555, 70.00000000000000000000
0.06250000000000000000, 50.00000000000000000000
0.08749999999999999445, 30.00000000000001421085
