position, error_equivalent_resistance, error_linear_interpolation
0.000000e+00, 3.750000e+00, 5.526316e+00
6.666667e-01, 3.750000e+00, 5.526316e+00
1.333333e+00, 3.750000e+00, 5.526316e+00
2.000000e+00, 3.750000e+00, 5.526316e+00
2.666667e+00, 3.750000e+00, 5.526316e+00
3.250000e+00, 3.750000e+00, 3.750000e+00
3.750000e+00, 3.750000e+00, 3.750000e+00
4.250000e+00, 3.750000e+00, 3.750000e+00
