nodesPosition, nodesTemperature
0.000000, 338.22368421052641451752
0.66666666666666662966, 335.72368421052641451752
1.33333333333333325932, 333.22368421052641451752
2.00000000000000000000, 330.72368421052641451752
2.66666666666666651864, 328.22368421052647136094
3.25000000000000000000, 325.00000000000011368684
3.75000000000000000000, 317.50000000000022737368
4.25000000000000000000, 310.00000000000034106051
