nodesPosition, nodesTemperature
0.000000, 344.87500000000000000000
0.64444444444444437536, 342.45833333333331438553
1.28888888888888875073, 340.04166666666668561447
1.93333333333333312609, 337.62500000000000000000
2.57777777777777750146, 335.20833333333331438553
3.16666666666666651864, 330.00000000000000000000
3.69999999999999973355, 322.00000000000000000000
4.23333333333333339255, 314.00000000000000000000
